ts,segment_id,previous_regime,vibration_regime,vibration_energy_mean_5min
2026-06-08 00:18:02,0,High,Elevated,0.14959157519408808
2026-06-08 00:19:50,0,Elevated,Normal,0.09209829009996595
2026-06-08 00:24:21,0,Normal,Elevated,0.09306411043939455
2026-06-08 00:25:53,0,Elevated,High,0.15029814164386113
2026-06-08 00:31:19,0,High,Elevated,0.14918890590934905
2026-06-08 00:32:56,0,Elevated,Normal,0.0922986218309339
2026-06-08 00:35:12,0,Normal,Low,0.027572279161397883
2026-06-08 00:36:15,0,Low,Normal,0.027599175019101457
2026-06-08 00:45:14,0,Normal,Low,0.02759315088146294
2026-06-08 00:46:02,0,Low,Normal,0.02759881724442176
2026-06-08 00:46:12,0,Normal,Low,0.027594129723681665
2026-06-08 00:46:14,0,Low,Normal,0.02760689349882688
2026-06-08 00:46:24,0,Normal,Low,0.02759234967933107
2026-06-08 00:46:30,0,Low,Normal,0.027605843981143
2026-06-08 00:57:27,0,Normal,Elevated,0.09351818202480515
2026-06-08 00:58:46,0,Elevated,High,0.15072418785771394
2026-06-08 01:32:34,0,High,Elevated,0.1495886417340733
2026-06-08 01:34:15,0,Elevated,Normal,0.09150918858098411
2026-06-08 01:36:23,0,Normal,Low,0.027584440980062803
2026-06-08 01:38:38,0,Low,Normal,0.0276023804545889
2026-06-08 01:38:47,0,Normal,Low,0.027585787889152048
2026-06-08 01:38:54,0,Low,Normal,0.027603920699136694
2026-06-08 01:39:14,0,Normal,Low,0.027584403694915768
2026-06-08 01:39:37,0,Low,Normal,0.027597526275364652
2026-06-08 01:39:38,0,Normal,Low,0.02759170797119032
2026-06-08 01:39:40,0,Low,Normal,0.027610356217362377
2026-06-08 01:43:14,0,Normal,Low,0.027584467863295468
2026-06-08 01:43:49,0,Low,Normal,0.027601022734658944
2026-06-08 01:43:52,0,Normal,Low,0.027595862281442084
2026-06-08 01:43:53,0,Low,Normal,0.027600448204168446
2026-06-08 01:43:56,0,Normal,Low,0.027589881291170227
2026-06-08 01:44:00,0,Low,Normal,0.02760040658175244
2026-06-08 01:46:33,0,Normal,Low,0.027589748462975232
2026-06-08 01:46:52,0,Low,Normal,0.02759972801309449
2026-06-08 01:46:53,0,Normal,Low,0.02759157034169276
2026-06-08 01:47:08,0,Low,Normal,0.027598647641554747
2026-06-08 01:49:04,0,Normal,Low,0.02759324335769209
2026-06-08 01:49:05,0,Low,Normal,0.02760069559805634
2026-06-08 01:49:24,0,Normal,Low,0.027580092598993727
2026-06-08 01:50:08,0,Low,Normal,0.027596406752228266
2026-06-08 01:50:10,0,Normal,Low,0.027585354943101298
2026-06-08 01:50:14,0,Low,Normal,0.027598544792011473
2026-06-08 01:50:24,0,Normal,Low,0.027595912121232736
2026-06-08 01:50:25,0,Low,Normal,0.027604523483353585
2026-06-08 01:52:37,0,Normal,Low,0.02759477134977276
2026-06-08 01:53:13,0,Low,Normal,0.027596568412358892
2026-06-08 01:53:43,0,Normal,Low,0.02757842029136078
2026-06-08 01:54:04,0,Low,Normal,0.027605028073572232
2026-06-08 01:54:07,0,Normal,Low,0.02757922193984084
2026-06-08 01:54:19,0,Low,Normal,0.027597783604526367
2026-06-08 01:54:20,0,Normal,Low,0.027595907966107894
2026-06-08 01:54:22,0,Low,Normal,0.027614955171037174
2026-06-08 01:54:34,0,Normal,Low,0.027591195865841633
2026-06-08 01:54:42,0,Low,Normal,0.027602817259023808
2026-06-08 01:55:09,0,Normal,Low,0.02758014540167825
2026-06-08 01:57:38,0,Low,Normal,0.027613282350855584
2026-06-08 01:59:47,0,Normal,Low,0.02759576929007922
2026-06-08 01:59:48,0,Low,Normal,0.027596044509105085
2026-06-08 01:59:49,0,Normal,Low,0.027591084316672967
2026-06-08 02:00:11,0,Low,Normal,0.027601092742246786
2026-06-08 02:00:14,0,Normal,Low,0.027592295460202417
2026-06-08 02:01:54,0,Low,Normal,0.027601144678958977
2026-06-08 02:01:55,0,Normal,Low,0.027589657665979497
2026-06-08 02:02:03,0,Low,Normal,0.02760141748978299
2026-06-08 02:02:25,0,Normal,Low,0.027595755655461945
2026-06-08 02:02:35,0,Low,Normal,0.02759729980155847
2026-06-08 02:02:50,0,Normal,Low,0.0275799710452114
2026-06-08 02:20:24,0,Low,Normal,0.027600922551041414
2026-06-08 02:24:22,0,Normal,Low,0.02759007616887074
2026-06-08 02:29:12,0,Low,Normal,0.027602718495382907
2026-06-08 02:30:14,0,Normal,Low,0.02759541484886499
2026-06-08 02:30:52,0,Low,Normal,0.027596290447278026
2026-06-08 02:30:54,0,Normal,Low,0.02759442966447516
2026-06-08 02:30:57,0,Low,Normal,0.027601324918520204
2026-06-08 02:31:10,0,Normal,Low,0.027591840764809153
2026-06-08 02:48:23,0,Low,Normal,0.027598446393996414
2026-06-08 02:48:26,0,Normal,Low,0.02759514310554527
2026-06-08 02:48:29,0,Low,Normal,0.02759884255037225
2026-06-08 02:48:45,0,Normal,Low,0.027593732030421512
2026-06-08 02:48:46,0,Low,Normal,0.02759805981431704
2026-06-08 02:53:37,0,Normal,Elevated,0.09302393316271745
2026-06-08 02:55:43,0,Elevated,High,0.15002173059826251
2026-06-08 03:03:38,0,High,Elevated,0.14928694782068094
2026-06-08 03:05:33,0,Elevated,Normal,0.09162517759832293
2026-06-08 03:14:50,0,Normal,Elevated,0.09307816031052421
2026-06-08 03:17:21,0,Elevated,High,0.15003563532168865
2026-06-08 03:21:33,0,High,Elevated,0.1493771267788758
2026-06-08 03:23:37,0,Elevated,Normal,0.09201539300165401
2026-06-08 03:39:14,0,Normal,Low,0.027593718596342257
2026-06-08 03:39:19,0,Low,Normal,0.027596155602912883
2026-06-08 03:40:16,0,Normal,Low,0.02759048664441046
2026-06-08 03:40:17,0,Low,Normal,0.02759788718953785
2026-06-08 03:40:19,0,Normal,Low,0.02759093997169801
2026-06-08 03:40:21,0,Low,Normal,0.027597540393779357
2026-06-08 03:40:22,0,Normal,Low,0.02759328176316639
2026-06-08 03:40:23,0,Low,Normal,0.027597619149918096
2026-06-08 03:40:25,0,Normal,Low,0.02759509493098173
2026-06-08 03:40:28,0,Low,Normal,0.027615074138995898
2026-06-08 03:40:52,0,Normal,Low,0.027593117862612142
2026-06-08 03:40:53,0,Low,Normal,0.02759776129105455
2026-06-08 03:41:35,0,Normal,Low,0.02758958886246239
2026-06-08 03:42:07,0,Low,Normal,0.02759604571861674
2026-06-08 03:42:08,0,Normal,Low,0.027593980674502458
2026-06-08 03:42:10,0,Low,Normal,0.027606065485016044
2026-06-08 03:51:40,0,Normal,Elevated,0.0927196177782209
2026-06-08 04:47:02,0,Elevated,High,0.1497540430569873
2026-06-08 04:47:16,0,High,Elevated,0.14966875987978726
2026-06-08 04:48:15,0,Elevated,High,0.14969496854568273
2026-06-08 04:48:19,0,High,Elevated,0.1495280533488583
2026-06-08 04:48:29,0,Elevated,High,0.1497170250587762
2026-06-08 04:48:32,0,High,Elevated,0.14964911039905673
2026-06-08 04:48:56,0,Elevated,High,0.1497848411812302
2026-06-08 04:49:02,0,High,Elevated,0.1496879304541606
2026-06-08 04:49:04,0,Elevated,High,0.14971391346213175
2026-06-08 04:49:06,0,High,Elevated,0.14949468859901918
2026-06-08 04:55:53,0,Elevated,Normal,0.09233483509969463
2026-06-08 05:16:00,0,Normal,Low,0.027594133222828374
2026-06-08 05:16:04,0,Low,Normal,0.027596212343108936
2026-06-08 05:16:06,0,Normal,Low,0.02758422292044131
2026-06-08 05:16:32,0,Low,Normal,0.02760785606641201
2026-06-08 05:16:47,0,Normal,Low,0.027595303790728064
2026-06-08 05:16:49,0,Low,Normal,0.02759774481729304
2026-06-08 05:16:50,0,Normal,Low,0.027591468449814385
2026-06-08 05:17:12,0,Low,Normal,0.02760845541738315
2026-06-08 05:17:19,0,Normal,Low,0.027592375712804228
2026-06-08 05:17:42,0,Low,Normal,0.02760621730419917
2026-06-08 05:25:56,0,Normal,Elevated,0.09297624039289809
2026-06-08 05:46:23,0,Elevated,Normal,0.09254344887104445
2026-06-08 06:07:24,0,Normal,Elevated,0.09494794790587058
2026-06-08 06:07:54,0,Elevated,High,0.15089622702114855
2026-06-08 06:25:15,0,High,Elevated,0.14968879848158304
2026-06-08 06:25:42,0,Elevated,Normal,0.09084159779226844
2026-06-08 06:29:36,0,Normal,Elevated,0.09362364562841224
2026-06-08 06:31:19,0,Elevated,High,0.1505778280732883
2026-06-08 06:33:07,0,High,Elevated,0.14913753451207729
2026-06-08 06:34:52,0,Elevated,Normal,0.09259796193348187
2026-06-08 06:38:12,0,Normal,Elevated,0.09266715200628521
2026-06-08 06:41:16,0,Elevated,Normal,0.09181516282021475
2026-06-08 06:42:34,0,Normal,Elevated,0.09279156566043945
2026-06-08 06:50:28,0,Elevated,Normal,0.09190986292587038
2026-06-08 06:57:56,0,Normal,Low,0.027578517591191
2026-06-08 06:58:32,0,Low,Normal,0.02759654455750607
2026-06-08 06:58:34,0,Normal,Low,0.027570436790020802
2026-06-08 06:59:27,0,Low,Normal,0.02759949942678184
2026-06-08 06:59:58,0,Normal,Low,0.02759049849286685
2026-06-08 07:00:50,0,Low,Normal,0.027609077297944658
2026-06-08 07:00:55,0,Normal,Low,0.027594265166514812
2026-06-08 07:01:03,0,Low,Normal,0.02761441683732251
2026-06-08 07:01:11,0,Normal,Low,0.027589695410197967
2026-06-08 07:01:15,0,Low,Normal,0.027603977678009366
2026-06-08 07:01:20,0,Normal,Low,0.02759277171236013
2026-06-08 07:01:25,0,Low,Normal,0.027599078608658068
2026-06-08 07:01:27,0,Normal,Low,0.027594286352419544
2026-06-08 07:01:33,0,Low,Normal,0.027601566988100398
2026-06-08 07:01:56,0,Normal,Low,0.027589375654832285
2026-06-08 07:02:26,0,Low,Normal,0.02760442379793722
2026-06-08 07:02:44,0,Normal,Low,0.027590216382186228
2026-06-08 07:02:50,0,Low,Normal,0.027604206780070764
2026-06-08 07:10:45,0,Normal,Low,0.02758624985505766
2026-06-08 07:10:53,0,Low,Normal,0.027599258358876493
2026-06-08 07:10:54,0,Normal,Low,0.0275951965155206
2026-06-08 07:10:55,0,Low,Normal,0.027607112052796614
2026-06-08 07:11:28,0,Normal,Low,0.02758460582983046
2026-06-08 07:11:36,0,Low,Normal,0.027598300592718037
2026-06-08 07:11:43,0,Normal,Low,0.027579062289130117
2026-06-08 07:12:31,0,Low,Normal,0.027596271901506632
2026-06-08 07:12:36,0,Normal,Low,0.027592600087029597
2026-06-08 07:12:37,0,Low,Normal,0.027601244789336156
2026-06-08 07:12:43,0,Normal,Low,0.027589007436520947
2026-06-08 07:13:30,0,Low,Normal,0.02760357733455515
2026-06-08 07:16:15,0,Normal,Low,0.027591820404281233
2026-06-08 07:16:16,0,Low,Normal,0.027596785489315774
2026-06-08 07:16:18,0,Normal,Low,0.027592011735698332
2026-06-08 07:16:23,0,Low,Normal,0.027608646022397886
2026-06-08 07:16:55,0,Normal,Low,0.0275956685998602
2026-06-08 07:17:03,0,Low,Normal,0.02761342223112696
2026-06-08 07:17:08,0,Normal,Low,0.02758790174534457
2026-06-08 07:17:09,0,Low,Normal,0.027599070483542397
2026-06-08 07:17:12,0,Normal,Low,0.02759464312303082
2026-06-08 07:17:13,0,Low,Normal,0.027607597495922273
2026-06-08 07:17:23,0,Normal,Low,0.027595821955051173
2026-06-08 07:17:41,0,Low,Normal,0.02760866064750034
2026-06-08 07:19:11,0,Normal,Low,0.02759486162007754
2026-06-08 07:19:12,0,Low,Normal,0.027598948759907295
2026-06-08 07:19:24,0,Normal,Low,0.027590409678094358
2026-06-08 07:19:25,0,Low,Normal,0.027596627551457698
2026-06-08 07:22:20,0,Normal,Low,0.027588491356350917
2026-06-08 07:22:23,0,Low,Normal,0.02759791069454116
2026-06-08 07:22:25,0,Normal,Low,0.027594450635863698
2026-06-08 07:24:59,0,Low,Normal,0.027597060928905903
2026-06-08 07:25:00,0,Normal,Low,0.02759561879082636
2026-06-08 07:27:48,0,Low,Normal,0.027598983919185673
2026-06-08 07:27:51,0,Normal,Low,0.027595095602800646
2026-06-08 07:27:52,0,Low,Normal,0.027598209230390598
2026-06-08 08:46:27,0,Normal,Low,0.02757937168207928
2026-06-08 08:46:30,0,Low,Normal,0.027597782366964228
2026-06-08 08:46:31,0,Normal,Low,0.027591628145157584
2026-06-08 08:46:54,0,Low,Normal,0.027597665557561595
2026-06-08 08:46:55,0,Normal,Low,0.027595176068084273
2026-06-08 08:46:57,0,Low,Normal,0.027600135767338174
2026-06-08 08:47:00,0,Normal,Low,0.02759574139569294
2026-06-08 08:47:02,0,Low,Normal,0.02760305987239962
2026-06-08 08:47:36,0,Normal,Low,0.027595210734703227
2026-06-08 08:48:00,0,Low,Normal,0.027600803794133415
2026-06-08 08:49:08,0,Normal,Low,0.027581256944453857
2026-06-08 08:50:56,0,Low,Normal,0.027609686407393485
2026-06-08 08:51:00,0,Normal,Low,0.027589334964238797
2026-06-08 08:52:34,0,Low,Normal,0.027604849372398474
2026-06-08 09:18:54,1,Normal,High,10.552654268162264
2026-06-08 09:20:57,1,High,Elevated,0.1486787138373186
2026-06-08 09:22:46,1,Elevated,Normal,0.09231526503160849
2026-06-08 09:34:56,1,Normal,Elevated,0.09264207001876057
2026-06-08 10:09:42,1,Elevated,Normal,0.09257585615573846
2026-06-08 10:17:33,1,Normal,Elevated,0.09300852773655313
2026-06-08 10:41:21,1,Elevated,High,0.14977079806305738
2026-06-08 10:57:02,1,High,Elevated,0.1493909858447575
2026-06-08 11:00:01,1,Elevated,Normal,0.0923816753971902
2026-06-08 11:16:05,1,Normal,Low,0.027580615149886512
2026-06-08 11:17:45,1,Low,Normal,0.027610725123305094
2026-06-08 11:27:03,1,Normal,Low,0.02759372486791569
2026-06-08 11:27:06,1,Low,Normal,0.027599632068683745
2026-06-08 11:27:08,1,Normal,Low,0.027587862549762452
2026-06-08 11:28:39,1,Low,Normal,0.027604197181998576
2026-06-08 11:28:42,1,Normal,Low,0.027587531474535232
2026-06-08 11:34:30,1,Low,Normal,0.027607224525514045
2026-06-08 11:50:24,1,Normal,Low,0.027595684998946234
2026-06-08 11:50:30,1,Low,Normal,0.027598078321931188
2026-06-08 11:50:31,1,Normal,Low,0.02759325468656661
2026-06-08 11:50:33,1,Low,Normal,0.027597185386895227
2026-06-08 11:50:34,1,Normal,Low,0.027592878195499385
2026-06-08 11:52:43,1,Low,Normal,0.02771194609771806
2026-06-08 11:53:37,1,Normal,Elevated,0.09409343369066561
2026-06-08 11:54:22,1,Elevated,High,0.149989989176967
2026-06-08 11:58:50,1,High,Elevated,0.1487833128804451
2026-06-08 11:59:40,1,Elevated,Normal,0.09057581109189247
2026-06-08 12:15:42,1,Normal,Low,0.02759346913426885
2026-06-08 12:17:24,1,Low,Normal,0.02759974840845258
2026-06-08 12:17:27,1,Normal,Low,0.027586293041813897
2026-06-08 12:17:30,1,Low,Normal,0.027606365887287664
2026-06-08 12:50:14,1,Normal,Elevated,0.09385580380050389
2026-06-08 12:55:07,1,Elevated,Normal,0.09215777475699363
2026-06-08 13:02:21,1,Normal,Low,0.02751518172266643
2026-06-08 13:06:13,1,Low,Normal,0.027600907675938882
2026-06-08 13:41:24,1,Normal,Low,0.027585421086437634
2026-06-08 13:41:34,1,Low,Normal,0.027603460722118164
2026-06-08 13:41:52,1,Normal,Low,0.027591519446556977
2026-06-08 13:41:59,1,Low,Normal,0.027596635637370248
2026-06-08 13:44:04,1,Normal,Low,0.02758847158860301
2026-06-08 13:44:11,1,Low,Normal,0.02760861602164868
2026-06-08 13:45:10,1,Normal,Low,0.02759568576937036
2026-06-08 13:45:11,1,Low,Normal,0.027597597436620738
2026-06-08 13:45:17,1,Normal,Low,0.027584997506973293
2026-06-08 14:04:27,1,Low,Normal,0.02759608739047064
2026-06-08 14:04:29,1,Normal,Low,0.02759039808095518
2026-06-08 14:04:31,1,Low,Normal,0.027601901243161673
2026-06-08 14:04:33,1,Normal,Low,0.0275901188838205
2026-06-08 14:05:43,1,Low,Normal,0.027604199905337207
2026-06-08 14:05:54,1,Normal,Low,0.02757973055153145
2026-06-08 14:06:04,1,Low,Normal,0.027600607997424635
2026-06-08 14:06:57,1,Normal,Low,0.02757122360851011
2026-06-08 14:08:52,1,Low,Normal,0.02760022816584424
2026-06-08 14:08:53,1,Normal,Low,0.027586429665662035
2026-06-08 14:16:05,1,Low,Normal,0.02760689640786877
2026-06-08 14:16:12,1,Normal,Low,0.02758236458276677
2026-06-08 14:16:19,1,Low,Normal,0.027605845675978805
2026-06-08 14:17:56,1,Normal,Low,0.02758540998893855
2026-06-08 14:18:11,1,Low,Normal,0.027617381836006722
2026-06-08 14:21:04,1,Normal,Low,0.027589466244830163
2026-06-08 14:21:15,1,Low,Normal,0.027598295712322887
2026-06-08 14:21:17,1,Normal,Low,0.02758959418643378
2026-06-08 14:21:18,1,Low,Normal,0.027597376577698996
2026-06-08 14:21:23,1,Normal,Low,0.027572417064860053
2026-06-08 14:22:26,1,Low,Normal,0.027597670673661114
2026-06-08 14:22:27,1,Normal,Low,0.027587695692903817
2026-06-08 14:22:33,1,Low,Normal,0.027620589387721082
2026-06-08 14:23:53,1,Normal,Low,0.027595460178789222
2026-06-08 14:26:08,1,Low,Normal,0.027599557961078165
2026-06-08 14:26:12,1,Normal,Low,0.027586445672104002
2026-06-08 14:35:02,1,Low,Normal,0.02761298588321536
2026-06-08 14:35:05,1,Normal,Low,0.027590922437802954
2026-06-08 14:35:07,1,Low,Normal,0.027603841368987844
2026-06-08 14:35:12,1,Normal,Low,0.027591976983662322
2026-06-08 14:35:15,1,Low,Normal,0.027602098057558533
2026-06-08 14:35:18,1,Normal,Low,0.02758453906903317
2026-06-08 14:35:20,1,Low,Normal,0.02759900857074356
2026-06-08 14:36:19,1,Normal,Low,0.027586515155653697
2026-06-08 14:52:59,1,Low,Normal,0.027613643350497454
2026-06-08 15:06:26,1,Normal,Low,0.027589840016203893
2026-06-08 15:06:28,1,Low,Normal,0.027604057271330976
2026-06-08 15:06:44,1,Normal,Low,0.027593846189931354
2026-06-08 15:07:17,1,Low,Normal,0.02759804678988876
2026-06-08 15:07:18,1,Normal,Low,0.027595354077109054
2026-06-08 15:07:45,1,Low,Normal,0.02759742497691685
2026-06-08 15:07:47,1,Normal,Low,0.027593925481972873
2026-06-08 15:07:50,1,Low,Normal,0.027604061665739615
2026-06-08 15:14:09,1,Normal,Low,0.02758944700360198
2026-06-08 15:16:44,1,Low,Normal,0.027600845614702347
2026-06-08 15:16:45,1,Normal,Low,0.027593344992063285
2026-06-08 15:17:40,1,Low,Normal,0.02760591346330859
2026-06-08 15:17:43,1,Normal,Low,0.027594411872226016
2026-06-08 15:17:44,1,Low,Normal,0.027597043789443935
2026-06-08 15:17:45,1,Normal,Low,0.027591230242177547
2026-06-08 15:19:33,1,Low,Normal,0.027600392995985202
2026-06-08 15:19:53,1,Normal,Low,0.027573540039889103
2026-06-08 15:20:01,1,Low,Normal,0.02760441748930368
2026-06-08 15:20:06,1,Normal,Low,0.027584715719837418
2026-06-08 15:22:19,1,Low,Normal,0.02759781934993367
2026-06-08 15:22:22,1,Normal,Low,0.02759489185997803
2026-06-08 15:22:23,1,Low,Normal,0.02759765352440647
2026-06-08 15:22:35,1,Normal,Low,0.027588791079864488
2026-06-08 15:22:50,1,Low,Normal,0.027599963214596714
2026-06-08 15:22:52,1,Normal,Low,0.027593833958286164
2026-06-08 15:22:55,1,Low,Normal,0.027601413527278542
2026-06-08 15:22:56,1,Normal,Low,0.027593026561968895
2026-06-08 15:22:58,1,Low,Normal,0.027600738668738828
2026-06-08 15:23:10,1,Normal,Low,0.027593750495627966
2026-06-08 15:23:12,1,Low,Normal,0.027601104064430164
2026-06-08 15:30:17,1,Normal,Low,0.027595938256330162
2026-06-08 15:30:19,1,Low,Normal,0.02759949525641065
2026-06-08 15:30:20,1,Normal,Low,0.027590696493601092
2026-06-08 15:35:11,1,Low,Normal,0.02760017856267855
2026-06-08 15:38:26,1,Normal,Low,0.027593773475341168
2026-06-08 15:38:47,1,Low,Normal,0.02759998189219729
2026-06-08 15:38:51,1,Normal,Low,0.027595990406187782
2026-06-08 15:38:54,1,Low,Normal,0.027604300656981048
2026-06-08 15:38:59,1,Normal,Low,0.02758963246885348
2026-06-08 15:39:04,1,Low,Normal,0.027600091610948705
2026-06-08 15:39:06,1,Normal,Low,0.02759190067461298
2026-06-08 15:39:09,1,Low,Normal,0.027620152897367894
2026-06-08 15:39:36,1,Normal,Low,0.027587343239554748
2026-06-08 15:42:43,1,Low,Normal,0.02760035738048444
2026-06-08 15:42:56,1,Normal,Low,0.027595720533067622
2026-06-08 15:43:11,1,Low,Normal,0.02760965902937117
2026-06-08 15:44:39,1,Normal,Low,0.027595314418803037
2026-06-08 15:44:41,1,Low,Normal,0.027607679112595387
2026-06-08 15:44:47,1,Normal,Low,0.027585680983389076
2026-06-08 15:44:58,1,Low,Normal,0.027599864960093427
2026-06-08 15:52:58,1,Normal,Low,0.027585603854082246
2026-06-08 15:53:04,1,Low,Normal,0.027598196727660288
2026-06-08 15:53:06,1,Normal,Low,0.027593096952172488
2026-06-08 15:53:11,1,Low,Normal,0.027599891171846018
2026-06-08 15:53:12,1,Normal,Low,0.027590442558106
2026-06-08 15:53:39,1,Low,Normal,0.027599307943090224
2026-06-08 15:55:42,1,Normal,Low,0.027590282801360323
2026-06-08 15:55:48,1,Low,Normal,0.027598997266426988
2026-06-08 15:55:54,1,Normal,Low,0.02758930020575642
2026-06-08 15:56:25,1,Low,Normal,0.027597569915217026
2026-06-08 15:56:28,1,Normal,Low,0.02759449277462987
2026-06-08 15:57:46,1,Low,Normal,0.027611515936194077
2026-06-08 15:57:49,1,Normal,Low,0.02758785874746459
2026-06-08 15:57:59,1,Low,Normal,0.027609400469013324
2026-06-08 15:59:02,1,Normal,Low,0.027591340600038112
2026-06-08 16:03:29,1,Low,Normal,0.02760942747040067
2026-06-08 16:03:37,1,Normal,Low,0.027586665951103005
2026-06-08 16:04:08,1,Low,Normal,0.02759688548651803
2026-06-08 16:04:11,1,Normal,Low,0.02759331915650298
2026-06-08 16:04:14,1,Low,Normal,0.027600507815149663
2026-06-08 16:04:15,1,Normal,Low,0.02759115062753125
2026-06-08 16:04:47,1,Low,Normal,0.027603540644190867
2026-06-08 16:14:40,1,Normal,Low,0.02757150308311795
2026-06-08 16:43:57,1,Low,Normal,0.027606261119843028
2026-06-08 16:44:08,1,Normal,Low,0.027590991905359654
2026-06-08 16:44:13,1,Low,Normal,0.027599012226303954
2026-06-08 16:44:27,1,Normal,Low,0.027586369311493206
2026-06-08 16:44:33,1,Low,Normal,0.027596199539714705
2026-06-08 16:44:34,1,Normal,Low,0.027592720155532012
2026-06-08 16:44:36,1,Low,Normal,0.027604375796095773
2026-06-08 16:44:37,1,Normal,Low,0.02759507801091721
2026-06-08 16:44:38,1,Low,Normal,0.027597575635028865
2026-06-08 16:44:41,1,Normal,Low,0.027583050222016996
2026-06-08 16:44:46,1,Low,Normal,0.027604502670472507
2026-06-08 16:44:47,1,Normal,Low,0.02759287616979047
2026-06-08 16:53:24,1,Low,Normal,0.027599333744164768
2026-06-08 16:53:25,1,Normal,Low,0.02759215101038668
2026-06-08 16:53:53,1,Low,Normal,0.027616413224358215
2026-06-08 17:05:24,1,Normal,Elevated,0.09388899588890148
2026-06-08 17:06:35,1,Elevated,High,0.1509275276508542
2026-06-08 17:09:32,1,High,Elevated,0.14926381213159703
2026-06-08 17:10:34,1,Elevated,Normal,0.0924341187341025
2026-06-08 17:31:10,1,Normal,Low,0.027589720888305667
2026-06-08 17:31:13,1,Low,Normal,0.02759937272541509
2026-06-08 17:31:41,1,Normal,Low,0.027589291895844012
2026-06-08 17:31:43,1,Low,Normal,0.027601025184027878
2026-06-08 17:31:53,1,Normal,Low,0.027574919633587134
2026-06-08 17:31:58,1,Low,Normal,0.02760147070961159
2026-06-08 17:32:00,1,Normal,Low,0.02758879415208082
2026-06-08 17:32:06,1,Low,Normal,0.02760331663726847
2026-06-08 17:32:51,1,Normal,Low,0.027586361830620153
2026-06-08 17:32:54,1,Low,Normal,0.027604267683219094
2026-06-08 17:49:47,1,Normal,Elevated,0.09289983493596668
2026-06-08 17:53:35,1,Elevated,Normal,0.09222746347260015
2026-06-08 17:59:23,1,Normal,Low,0.027593447596285417
2026-06-08 17:59:37,1,Low,Normal,0.02759838586078074
2026-06-08 17:59:38,1,Normal,Low,0.027594247734870975
2026-06-08 17:59:44,1,Low,Normal,0.027600155066541177
2026-06-08 17:59:46,1,Normal,Low,0.027589460108156955
2026-06-08 17:59:47,1,Low,Normal,0.027597032703949982
2026-06-08 17:59:48,1,Normal,Low,0.02759424586655077
2026-06-08 17:59:58,1,Low,Normal,0.027599442233624778
2026-06-08 18:00:03,1,Normal,Low,0.0275786577504371
2026-06-08 18:00:13,1,Low,Normal,0.02759798292735294
2026-06-08 18:00:17,1,Normal,Low,0.027595794418050813
2026-06-08 18:00:18,1,Low,Normal,0.027599221833920877
2026-06-08 18:00:26,1,Normal,Low,0.027593482933971465
2026-06-08 18:01:01,1,Low,Normal,0.027598409905075064
2026-06-08 18:01:07,1,Normal,Low,0.02759528769726161
2026-06-08 18:01:16,1,Low,Normal,0.027601799438450147
2026-06-08 18:01:20,1,Normal,Low,0.027589948229824218
2026-06-08 18:04:15,1,Low,Normal,0.027608270594694465
2026-06-08 18:04:21,1,Normal,Low,0.027595901309674098
2026-06-08 18:04:22,1,Low,Normal,0.02759810355009853
2026-06-08 18:05:42,1,Normal,Low,0.027594340804542313
2026-06-08 18:06:51,1,Low,Normal,0.02760044626033745
2026-06-08 18:06:57,1,Normal,Low,0.027595594330528318
2026-06-08 18:07:02,1,Low,Normal,0.027600389022075542
2026-06-08 18:07:05,1,Normal,Low,0.027594591237152202
2026-06-08 18:07:10,1,Low,Normal,0.02759698317935109
2026-06-08 18:07:14,1,Normal,Low,0.02758686726907476
2026-06-08 18:07:28,1,Low,Normal,0.027596289926931944
2026-06-08 18:07:35,1,Normal,Low,0.027581361261006136
2026-06-08 18:07:58,1,Low,Normal,0.027601678875946545
2026-06-08 18:08:18,1,Normal,Low,0.027590610077793176
2026-06-08 18:08:25,1,Low,Normal,0.027597490374982853
2026-06-08 18:08:27,1,Normal,Low,0.02759093453363012
2026-06-08 18:08:35,1,Low,Normal,0.02759624229805027
2026-06-08 18:08:37,1,Normal,Low,0.027595798261749533
2026-06-08 18:08:38,1,Low,Normal,0.027605801880172937
2026-06-08 18:08:51,1,Normal,Low,0.027592028308568006
2026-06-08 18:10:44,1,Low,Normal,0.027705673232060985
2026-06-08 18:36:55,1,Normal,Elevated,0.09367032260169587
2026-06-08 18:42:41,1,Elevated,High,0.15089519754448463
2026-06-08 18:46:48,1,High,Elevated,0.14919794549672882
2026-06-08 18:47:31,1,Elevated,Normal,0.0918243684805831
2026-06-08 18:55:05,1,Normal,Elevated,0.09392249812880897
2026-06-08 18:59:29,1,Elevated,Normal,0.09194749370109828
2026-06-08 19:02:51,1,Normal,Low,0.027595063391584393
2026-06-08 19:04:17,1,Low,Normal,0.027602059933960935
2026-06-08 19:04:30,1,Normal,Low,0.027594063987416047
2026-06-08 19:04:37,1,Low,Normal,0.027599190878334054
2026-06-08 19:21:11,1,Normal,Elevated,0.0945456884176345
2026-06-08 19:21:46,1,Elevated,High,0.1521293081946985
2026-06-08 19:26:03,1,High,Elevated,0.14938360250114568
2026-06-08 19:26:42,1,Elevated,Normal,0.08998341263979051
2026-06-08 19:26:56,1,Normal,Elevated,0.09436233608268137
2026-06-08 19:27:19,1,Elevated,High,0.1532122023261812
2026-06-08 19:36:07,1,High,Elevated,0.14740851827540624
2026-06-08 19:36:36,1,Elevated,Normal,0.09029435736749915
2026-06-08 19:42:50,1,Normal,Low,0.027584573020472916
2026-06-08 19:45:00,1,Low,Normal,0.02803114779244201
2026-06-08 19:45:59,1,Normal,Elevated,0.09409761097939574
2026-06-08 19:47:03,1,Elevated,High,0.15015520508880367
2026-06-08 19:50:38,1,High,Elevated,0.1494732849868464
2026-06-08 19:51:45,1,Elevated,Normal,0.09220804774591214
2026-06-08 19:59:15,1,Normal,Elevated,0.09346887292148455
2026-06-08 20:00:12,1,Elevated,High,0.15105924864721756
2026-06-08 20:04:26,1,High,Elevated,0.14732377820836623
2026-06-08 20:05:22,1,Elevated,Normal,0.09032168982657485
2026-06-08 20:10:58,1,Normal,Elevated,0.09317211349301226
2026-06-08 20:12:33,1,Elevated,High,0.15056607509619221
2026-06-08 20:14:37,1,High,Elevated,0.1489619255282144
2026-06-08 20:16:08,1,Elevated,Normal,0.09160385649232859
2026-06-08 20:33:47,1,Normal,Low,0.027494831803876976
2026-06-08 20:35:15,1,Low,Normal,0.02767998968045754
2026-06-08 20:44:53,1,Normal,Low,0.02758848712508313
2026-06-08 20:45:05,1,Low,Normal,0.027615012114227185
2026-06-08 20:45:15,1,Normal,Low,0.02759145105568302
2026-06-08 20:45:16,1,Low,Normal,0.027600336148675925
2026-06-08 20:45:21,1,Normal,Low,0.027591805792554693
2026-06-08 20:46:02,1,Low,Normal,0.027597245653818835
2026-06-08 21:01:32,1,Normal,Low,0.0275541544627696
2026-06-08 21:03:38,1,Low,Normal,0.02760155043408177
2026-06-08 21:03:39,1,Normal,Low,0.027589589713739517
2026-06-08 21:03:40,1,Low,Normal,0.027597256264143888
2026-06-08 21:03:42,1,Normal,Low,0.027591752279747733
2026-06-08 21:03:52,1,Low,Normal,0.027601461064695108
2026-06-08 21:04:02,1,Normal,Low,0.027594460241212735
2026-06-08 21:04:35,1,Low,Normal,0.027596391369923458
2026-06-08 21:04:41,1,Normal,Low,0.027582899805806693
2026-06-08 21:05:08,1,Low,Normal,0.027596655486002323
2026-06-08 21:05:11,1,Normal,Low,0.027593205216914243
2026-06-08 21:05:18,1,Low,Normal,0.027596899243312798
2026-06-08 21:05:19,1,Normal,Low,0.027588976101472085
2026-06-08 21:05:24,1,Low,Normal,0.027626615146982496
2026-06-08 21:06:08,1,Normal,Low,0.027592342162043985
2026-06-08 21:06:09,1,Low,Normal,0.027600926390452314
2026-06-08 21:06:19,1,Normal,Low,0.027593760978622275
2026-06-08 21:06:21,1,Low,Normal,0.027606815527750437
2026-06-08 21:11:37,1,Normal,Low,0.027582070115954732
2026-06-08 21:11:52,1,Low,Normal,0.027598059371843505
2026-06-08 21:12:13,1,Normal,Low,0.027580307527093666
2026-06-08 21:12:56,1,Low,Normal,0.027596870680039215
2026-06-08 21:12:58,1,Normal,Low,0.02758763670256966
2026-06-08 21:13:08,1,Low,Normal,0.0276068590567247
2026-06-08 21:13:35,1,Normal,Low,0.027572032517184954
2026-06-08 21:15:14,1,Low,Normal,0.027597150959322362
2026-06-08 21:15:15,1,Normal,Low,0.027595799344148603
2026-06-08 21:15:16,1,Low,Normal,0.027597394974399465
2026-06-08 21:15:18,1,Normal,Low,0.027592431733895677
2026-06-08 21:15:27,1,Low,Normal,0.027609642469913074
2026-06-08 21:15:37,1,Normal,Low,0.027583884110630195
2026-06-08 21:15:38,1,Low,Normal,0.027870336682110575
2026-06-08 21:26:07,1,Normal,Low,0.0273515843245364
2026-06-08 21:28:41,1,Low,Normal,0.027597004754240952
2026-06-08 21:28:49,1,Normal,Low,0.027585099670963027
2026-06-08 21:28:51,1,Low,Normal,0.027601595253732278
2026-06-08 21:28:59,1,Normal,Low,0.02757478031157104
2026-06-08 21:29:34,1,Low,Normal,0.02760257619463629
2026-06-08 21:33:39,1,Normal,Low,0.027594323486066035
2026-06-08 21:42:54,1,Low,Normal,0.02799375297515906
2026-06-08 22:03:17,1,Normal,Low,0.027560948411075568
2026-06-08 22:21:14,1,Low,Normal,0.027604060978622173
2026-06-08 22:28:32,1,Normal,Low,0.027595816987917764
2026-06-08 22:28:52,1,Low,Normal,0.027597617658665138
2026-06-08 22:28:56,1,Normal,Low,0.02759368568189565
2026-06-08 22:29:25,1,Low,Normal,0.027613752201944217
2026-06-08 22:30:08,1,Normal,Low,0.02758773404071874
2026-06-08 22:31:01,1,Low,Normal,0.027603268358425317
2026-06-08 22:31:05,1,Normal,Low,0.027594482299911696
2026-06-08 22:33:00,1,Low,Normal,0.027598255148271758
2026-06-08 22:33:03,1,Normal,Low,0.027582602785602494
2026-06-08 22:34:11,1,Low,Normal,0.0276026773897034
2026-06-08 22:34:13,1,Normal,Low,0.02759404830043552
2026-06-08 22:34:18,1,Low,Normal,0.027600945303798894
2026-06-08 22:34:23,1,Normal,Low,0.027593603170212165
2026-06-08 22:34:34,1,Low,Normal,0.027599140544773387
2026-06-08 22:34:49,1,Normal,Low,0.02759504441588315
2026-06-08 22:34:50,1,Low,Normal,0.027597381060390266
2026-06-08 22:34:51,1,Normal,Low,0.02759401331708653
2026-06-08 22:34:53,1,Low,Normal,0.027604726148533956
2026-06-08 22:34:59,1,Normal,Low,0.027592003172637946
2026-06-08 22:35:03,1,Low,Normal,0.02759713043600605
2026-06-08 22:35:09,1,Normal,Low,0.027587662331181807
2026-06-08 22:35:17,1,Low,Normal,0.027598989855411753
2026-06-08 22:35:19,1,Normal,Low,0.027594846599517157
2026-06-08 22:35:23,1,Low,Normal,0.027611429548281313
2026-06-08 22:35:33,1,Normal,Low,0.02759589428740043
2026-06-08 23:05:30,1,Low,Normal,0.027602428101886962
2026-06-08 23:05:49,1,Normal,Low,0.02759382908772297
2026-06-08 23:05:52,1,Low,Normal,0.02760436054396528
2026-06-08 23:05:53,1,Normal,Low,0.02759522382060773
2026-06-08 23:44:33,1,Low,Normal,0.02760135160689471
2026-06-08 23:44:35,1,Normal,Low,0.027594314243066746
2026-06-08 23:50:51,1,Low,Normal,0.027597084102926345
2026-06-08 23:50:53,1,Normal,Low,0.027594206217949186
2026-06-08 23:52:26,1,Low,Normal,0.02759691394680358
2026-06-08 23:52:40,1,Normal,Low,0.027586248410932004
